t_ms,working_set_mb,chrome_procs
582,546.1,9
3168,542.6,9
5755,541.9,9
8347,643,10
10930,732.5,10
13529,1465.2,10
16138,1469.3,10
18764,1470.6,10
21413,1470.9,10
24061,1470.9,10
26631,1472.9,10
29153,1469.6,10
31714,1468.1,10
34277,1467.9,10
36831,1395.4,10
39398,1395.6,10
41982,1317.9,10
44543,1312.4,10
47119,1312.4,10
49684,1312.4,10
52286,1312.4,10
54849,1312.4,10
57435,1309.6,10
60014,1309.6,10
62623,1308.6,10
65191,1308.3,10
67760,1306.1,10
70322,1306.5,10
72908,1306.4,10
75495,1306.5,10
78064,1306.5,10
80632,1306.5,10
83199,1306.5,10
85764,1306.5,10
88324,1306.7,10
